{
  "features": [
    "speed_mean",
    "speed_std",
    "accel_std",
    "path_efficiency",
    "angle_std",
    "dt_std",
    "key_interval_std"
  ],
  "mean": [
    0.37425637094845404,
    0.24374437582741598,
    0.35260410338324877,
    0.5308336297543095,
    1.7242431087646595,
    7.108798509058746,
    42.4015068297211
  ],
  "scale": [
    0.1275123552104991,
    0.11728977051151729,
    0.16756744418728234,
    0.2457388086447866,
    0.520743726412673,
    2.4104047286462364,
    14.255676684619983
  ],
  "coef": [
    4.719644797465792,
    0.45285089864907835,
    0.3045950519685746,
    0.768822502442069,
    -0.5685681965659518,
    -3.0662474940727007,
    -3.1386551141890955
  ],
  "intercept": 0.11174566187746177,
  "note": "logistic edge model; p_bot = sigmoid(coef . ((x-mean)/scale) + intercept)"
}